Cybersecurity & Data Privacy,Financial Performance & Fraud,Product/Service Quality,Production Failure,Trademark/Brand Erosion,Human Resources,Health & Safety,Governance Risk,Labor/Human Rights,Data/Privacy Breaches,Environmental Misconduct,Supply Chain & Third-Party Risk,Legal & Litigation,"Credit, Liquidity & Market Risk"
data breach,earnings decline,product recall,production shutdown,brand damage,employee misconduct,safety incident,compliance failure,child labor,privacy breach,environmental violation,supply chain risk,litigation risk,credit risk
privacy violation,revenue loss,product defect,capacity failure,brand erosion,talent retention,workplace injury,ethics violation,human rights,data privacy failure,emissions standards,supply chain ethics,lawsuit,default risk
cybersecurity,financial underperformance,quality failure,operational disruption,trademark infringement,workforce reduction,environmental accident,regulatory breach,labor standards,GDPR violation,environmental misconduct,outsourcing risk,legal liability,bankruptcy
cyber attack,declining profitability,product contamination,business disruption,reputational damage,brain drain,safety negligence,governance failure,forced labor,CCPA violation,pollution violation,subcontractor oversight,class action,downgrade risk
cyberattack,revenue shortfall,consumer safety,system outage,reputation loss,loss of key personnel,facility deterioration,board misconduct,modern slavery,personal data misuse,toxic spill,third-party risk,court judgment,liquidity risk
cyber incident,earnings miss,product liability,system failure,negative publicity,management instability,workplace safety,executive misconduct,human trafficking,unauthorized use of customer data,deforestation,vendor risk,legal settlement,funding risk
network intrusion,profit warning,defective product,hardware failure,public backlash,key person risk,occupational hazard,corporate misconduct,worker exploitation,data sharing violation,environmental liability,partner misconduct,arbitration,capital access
ransomware,operating loss,manufacturing defect,software failure,boycott,founder dependence,toxic spill,code of conduct violation,labor rights violation,third-party data misuse,hazardous waste,contractor failure,legal penalty,debt refinancing failure
malware,net loss,substandard product,network outage,activist pressure,executive departure,hazardous material,conflict of interest,fair labor,sensitive information exposure,clean water violation,franchise risk,legal dispute,cash flow shortfall
unauthorized access,financial deterioration,quality control failure,application crash,community opposition,CEO resignation,industrial accident,forging records,living wage,PII exposure,clean air violation,supplier bankruptcy,patent infringement,market volatility
data leak,impairment charge,import standards violation,service interruption,corporate image damage,succession risk,personal injury,unethical practices,supply chain labor abuse,biometric data misuse,EPA violation,supply chain visibility,intellectual property dispute,investment loss
data loss,goodwill impairment,product withdrawal,operational failure,loss of public trust,loss of institutional knowledge,fatality,regulatory investigation,prison labor,health data breach,environmental penalty,upstream risk,mass tort,loan default
confidential data,write-down,adverse drug reaction,facility failure,stakeholder trust erosion,talent acquisition failure,health and safety violation,regulatory scrutiny,bonded labor,financial data exposure,environmental cleanup,downstream risk,legal proceeding,settlement risk
information security,write-off,drug efficacy failure,infrastructure failure,brand loyalty erosion,human capital risk,OSHA violation,government investigation,labor abuse,,contamination,procurement failure,regulatory lawsuit,counterparty risk
security breach,asset impairment,recall cost,telecommunication failure,customer satisfaction decline,staff attrition,unsafe working conditions,regulatory penalty,sweatshop,,Superfund liability,single-source dependency,indemnification obligation,concentration of credit risk
system compromise,material weakness,warranty claim,business continuity failure,market share loss,inability to attract talent,worker injury,regulatory fine,labor law violation,,carbon emissions,supplier concentration,antitrust investigation,credit rating downgrade
hacking,going concern,product performance failure,disaster recovery failure,competitive disadvantage,workforce risk,,enforcement action,labor conditions,,greenhouse gas violation,partner bankruptcy,competition law violation,bond default
phishing,shareholder value destruction,food safety,denial-of-service,negative media coverage,key employee departure,,SEC investigation,outsourcing risk,,environmental remediation,damaged supplier reputation,significant financial loss,debt covenant violation
inadequate information safeguards,market value erosion,product safety concern,service degradation,adverse publicity,executive leadership failure,,DOJ investigation,supply chain ethics,,climate risk,reputational contagion,criminal prosecution,capital market access
data protection failure,return on equity decline,regulatory clearance failure,platform outage,reputational attack,employee turnover,,consent decree,,,ESG violation,upstream partner failure,civil penalty,strategic investment failure
IT security failure,accounting fraud,product cancellation,production downtime,ESG pressure,inability to retain staff,,audit committee failure,,,net zero failure,joint venture failure,,acquisition failure
customer data exposure,financial misstatement,design defect,IT outage,NGO pressure,,,workplace harassment,,,climate transition risk,alliance failure,,M&A risk
proprietary information leak,financial restatement,subcontractor oversight failure,service unavailability,media campaign,,,discriminatory practices,,,,dependence on third-party platforms,,integration failure
identity theft,insider trading,non-sterile manufacturing,,,,,discrimination,,,,contractual obligation failure,,failed acquisition
credential theft,securities fraud,,,,,,sexual harassment,,,,product theft during transportation,,value destruction from acquisition
unauthorized disclosure,misappropriation,,,,,,gender discrimination,,,,delay in product delivery,,
denial-of-service attack,embezzlement,,,,,,racial discrimination,,,,transportation disruption,,
zero-day vulnerability,financial irregularity,,,,,,hostile work environment,,,,port shutdown,,
nation-state attack,audit failure,,,,,,Title VII violation,,,,cargo theft,,
social engineering,earnings manipulation,,,,,,disability discrimination,,,,logistics failure,,
third-party data breach,revenue recognition fraud,,,,,,age discrimination,,,,supply chain logistics failure,,
cloud data breach,channel stuffing,,,,,,whistleblower,,,,,,
trade secret theft,market manipulation,,,,,,retaliation,,,,,,
intellectual property theft,false financial statement,,,,,,whistleblower retaliation,,,,,,
data integrity failure,fraudulent reporting,,,,,,protected disclosure,,,,,,
information leakage,,,,,,,Sarbanes-Oxley retaliation,,,,,,
loss of confidential data,,,,,,,Dodd-Frank retaliation,,,,,,
,,,,,,,bribery,,,,,,
,,,,,,,corruption,,,,,,
,,,,,,,FCPA,,,,,,
,,,,,,,Foreign Corrupt Practices Act,,,,,,
,,,,,,,UK Bribery Act,,,,,,
,,,,,,,anti-bribery,,,,,,
,,,,,,,anti-corruption,,,,,,
,,,,,,,kickback,,,,,,
,,,,,,,improper payment,,,,,,
,,,,,,,facilitation payment,,,,,,
,,,,,,,bribe,,,,,,
,,,,,,,extortion,,,,,,
