ticker,company,sector,cik,2010,2011,2012,2013,2014,2015,2016,2017,2018,2019,2020,2021,2022,2023,2024,2025
MMM,3M,Industrials,0000066740,1,1,1,1,1,1,1,1,1,1,1,1,1,1,1,1
AOS,A. O. Smith,Industrials,0000091142,1,1,1,1,1,1,1,1,1,1,1,1,1,1,1,1
ABT,Abbott Laboratories,Health Care,0000001800,1,1,1,1,1,1,1,1,1,1,1,1,1,1,1,1
ABBV,AbbVie,Health Care,0001551152,0,0,0,1,1,1,1,1,1,1,1,1,1,1,1,1
ACN,Accenture,Information Technology,0001467373,1,1,1,1,1,1,1,1,1,1,1,1,1,1,1,1
ADBE,Adobe Inc.,Information Technology,0000796343,1,1,1,1,1,1,1,1,1,1,1,1,1,1,1,1
AMD,Advanced Micro Devices,Information Technology,0000002488,1,1,1,1,1,1,1,1,1,1,1,1,1,1,1,1
AES,AES Corporation,Utilities,0000874761,1,1,1,1,1,1,1,1,1,1,1,1,1,1,1,1
AFL,Aflac,Financials,0000004977,1,1,1,1,1,1,1,1,1,1,1,1,1,1,1,1
A,Agilent Technologies,Health Care,0001090872,1,1,1,1,1,1,1,1,1,1,1,1,1,1,1,1
APD,Air Products,Materials,0000002969,1,1,1,1,1,1,1,1,1,1,1,1,1,1,1,1
ABNB,Airbnb,Consumer Discretionary,0001559720,0,0,0,0,0,0,0,0,0,0,0,1,1,1,1,1
AKAM,Akamai Technologies,Information Technology,0001086222,1,1,1,1,1,1,1,1,1,1,1,1,1,1,1,1
ALB,Albemarle Corporation,Materials,0000915913,1,1,1,1,1,1,1,1,1,1,1,1,1,1,1,1
ARE,Alexandria Real Estate Equities,Real Estate,0001035443,1,1,1,1,1,1,1,1,1,1,1,1,1,1,1,1
ALGN,Align Technology,Health Care,0001097149,1,1,1,1,1,1,1,1,1,1,1,1,1,1,1,1
ALLE,Allegion,Industrials,0001579241,0,0,0,0,1,1,1,1,1,1,1,1,1,1,1,1
LNT,Alliant Energy,Utilities,0000352541,1,1,1,1,1,1,1,1,1,1,1,1,1,1,1,1
ALL,Allstate,Financials,0000899051,1,1,1,1,1,1,1,1,1,1,1,1,1,1,1,1
GOOGL,Alphabet Inc. (Class A),Communication Services,0001652044,0,0,0,0,0,0,1,1,1,1,1,1,1,1,1,1
GOOG,Alphabet Inc. (Class C),Communication Services,0001652044,0,0,0,0,0,0,1,1,1,1,1,1,1,1,1,1
MO,Altria,Consumer Staples,0000764180,1,1,1,1,1,1,1,1,1,1,1,1,1,1,1,1
AMZN,Amazon,Consumer Discretionary,0001018724,1,1,1,1,1,1,1,1,1,1,1,1,1,1,1,1
AMCR,Amcor,Materials,0001748790,0,0,0,0,0,0,0,0,0,1,1,1,1,1,1,1
AEE,Ameren,Utilities,0001002910,1,1,1,1,1,1,1,1,1,1,1,1,1,1,1,1
AEP,American Electric Power,Utilities,0000004904,1,1,1,1,1,1,1,1,1,1,1,1,1,1,1,1
AXP,American Express,Financials,0000004962,1,1,1,1,1,1,1,1,1,1,1,1,1,1,1,1
AIG,American International Group,Financials,0000005272,1,1,1,1,1,1,1,1,1,1,1,1,1,1,1,1
AMT,American Tower,Real Estate,0001053507,1,1,1,1,1,1,1,1,1,1,1,1,1,1,1,1
AWK,American Water Works,Utilities,0001410636,1,1,1,1,1,1,1,1,1,1,1,1,1,1,1,1
AMP,Ameriprise Financial,Financials,0000820027,1,1,1,1,1,1,1,1,1,1,1,1,1,1,1,1
AME,Ametek,Industrials,0001037868,1,1,1,1,1,1,1,1,1,1,1,1,1,1,1,1
AMGN,Amgen,Health Care,0000318154,1,1,1,1,1,1,1,1,1,1,1,1,1,1,1,1
APH,Amphenol,Information Technology,0000820313,1,1,1,1,1,1,1,1,1,1,1,1,1,1,1,1
ADI,Analog Devices,Information Technology,0000006281,1,1,1,1,1,1,1,1,1,1,1,1,1,1,1,1
AON,Aon plc,Financials,0000315293,1,1,1,1,1,1,1,1,1,1,1,1,1,1,1,1
APA,APA Corporation,Energy,0001841666,0,0,0,0,0,0,0,0,0,0,0,0,1,1,1,1
APO,Apollo Global Management,Financials,0001858681,0,0,0,0,0,0,0,0,0,0,0,0,0,1,1,1
AAPL,Apple Inc.,Information Technology,0000320193,1,1,1,1,1,1,1,1,1,1,1,1,1,1,1,1
AMAT,Applied Materials,Information Technology,0000006951,1,1,1,1,1,1,1,1,1,1,1,1,1,1,1,1
APP,AppLovin,Information Technology,0001751008,0,0,0,0,0,0,0,0,0,0,0,0,1,1,1,1
APTV,Aptiv,Consumer Discretionary,0001521332,0,0,1,1,1,1,1,1,1,1,1,1,1,1,1,1
ACGL,Arch Capital Group,Financials,0000947484,1,1,1,1,1,1,1,1,1,1,1,1,1,1,1,1
ADM,Archer Daniels Midland,Consumer Staples,0000007084,1,1,1,0,1,1,1,1,1,1,1,1,1,1,1,1
ARES,Ares Management,Financials,0001176948,0,0,0,0,0,1,1,1,1,1,1,1,1,1,1,1
ANET,Arista Networks,Information Technology,0001596532,0,0,0,0,0,1,1,1,1,1,1,1,1,1,1,1
AJG,Arthur J. Gallagher & Co.,Financials,0000354190,1,1,1,1,1,1,1,1,1,1,1,1,1,1,1,1
AIZ,Assurant,Financials,0001267238,1,1,1,1,1,1,1,1,1,1,1,1,1,1,1,1
T,AT&T,Communication Services,0000732717,1,1,1,1,1,1,1,1,1,1,1,1,1,1,1,1
ATO,Atmos Energy,Utilities,0000731802,1,1,1,1,1,1,1,1,1,1,1,1,1,1,1,1
ADSK,Autodesk,Information Technology,0000769397,1,1,1,1,1,1,1,1,1,1,1,1,1,1,1,1
ADP,Automatic Data Processing,Industrials,0000008670,1,1,1,1,1,1,1,1,1,1,1,1,1,1,1,1
AZO,AutoZone,Consumer Discretionary,0000866787,1,1,1,1,1,1,1,1,1,1,1,1,1,1,1,1
AVB,AvalonBay Communities,Real Estate,0000915912,1,1,1,1,1,1,1,1,1,1,1,1,1,1,1,1
AVY,Avery Dennison,Materials,0000008818,1,1,1,1,1,1,1,1,1,1,1,1,1,1,1,1
AXON,Axon Enterprise,Industrials,0001069183,1,1,1,1,1,1,1,1,1,1,1,1,1,1,1,1
BKR,Baker Hughes,Energy,0001701605,0,0,0,0,0,0,0,0,1,1,1,1,1,1,1,1
BALL,Ball Corporation,Materials,0000009389,1,1,1,1,1,1,1,1,1,1,1,1,1,1,1,1
BAC,Bank of America,Financials,0000070858,1,1,1,1,1,1,1,1,1,1,1,1,1,1,1,1
BAX,Baxter International,Health Care,0000010456,1,1,1,1,1,1,1,1,1,1,1,1,1,1,1,1
BDX,Becton Dickinson,Health Care,0000010795,1,1,1,1,1,1,1,1,1,1,1,1,1,1,1,1
BRK.B,Berkshire Hathaway,Financials,0001067983,1,1,1,1,1,1,1,1,1,1,1,1,1,1,1,1
BBY,Best Buy,Consumer Discretionary,0000764478,1,1,1,0,1,1,1,1,1,1,1,1,1,1,1,1
TECH,Bio-Techne,Health Care,0000842023,1,1,1,1,1,1,1,1,1,1,1,1,1,1,1,1
BIIB,Biogen,Health Care,0000875045,1,1,1,1,1,1,1,1,1,1,1,1,1,1,1,1
BLK,BlackRock,Financials,0002012383,0,0,0,0,0,0,0,0,0,0,0,0,0,0,0,1
BX,Blackstone Inc.,Financials,0001393818,1,1,1,1,1,1,1,1,1,1,1,1,1,1,1,1
XYZ,"Block, Inc.",Financials,0001512673,0,0,0,0,0,0,1,1,1,1,1,1,1,1,1,1
BNY,BNY Mellon,Financials,0001390777,1,1,1,1,1,1,1,1,1,1,1,1,1,1,1,1
BA,Boeing,Industrials,0000012927,1,1,1,1,1,1,1,1,1,1,1,1,1,1,1,1
BKNG,Booking Holdings,Consumer Discretionary,0001075531,1,1,1,1,1,1,1,1,1,1,1,1,1,1,1,1
BSX,Boston Scientific,Health Care,0000885725,1,1,1,1,1,1,1,1,1,1,1,1,1,1,1,1
BMY,Bristol Myers Squibb,Health Care,0000014272,1,1,1,1,1,1,1,1,1,1,1,1,1,1,1,1
AVGO,Broadcom,Information Technology,0001730168,0,0,0,0,0,0,0,0,1,1,1,1,1,1,1,1
BR,Broadridge Financial Solutions,Industrials,0001383312,1,1,1,1,1,1,1,1,1,1,1,1,1,1,1,1
BRO,Brown & Brown,Financials,0000079282,1,1,1,1,1,1,1,1,1,1,1,1,1,1,1,1
BF.B,Brown–Forman,Consumer Staples,0000014693,1,1,1,1,1,1,1,1,1,1,1,1,1,1,1,1
BLDR,Builders FirstSource,Industrials,0001316835,1,1,1,1,1,1,1,1,1,1,1,1,1,1,1,1
BG,Bunge Global,Consumer Staples,0001996862,0,0,0,0,0,0,0,0,0,0,0,0,0,0,1,1
BXP,"BXP, Inc.",Real Estate,0001037540,1,1,1,1,1,1,1,1,1,1,1,1,1,1,1,1
CHRW,C.H. Robinson,Industrials,0001043277,1,1,1,1,1,1,1,1,1,1,1,1,1,1,1,1
CDNS,Cadence Design Systems,Information Technology,0000813672,1,1,1,1,1,1,1,1,1,1,1,1,1,1,1,1
CPT,Camden Property Trust,Real Estate,0000906345,1,1,1,1,1,1,1,1,1,1,1,1,1,1,1,1
CPB,Campbell's Company (The),Consumer Staples,0000016732,1,1,1,1,1,1,1,1,1,1,1,1,1,1,1,1
COF,Capital One,Financials,0000927628,1,1,1,1,1,1,1,1,1,1,1,1,1,1,1,1
CAH,Cardinal Health,Health Care,0000721371,1,1,1,1,1,1,1,1,1,1,1,1,1,1,1,1
CCL,Carnival Corporation,Consumer Discretionary,0000815097,1,1,1,1,1,1,1,1,1,1,1,1,1,1,1,1
CARR,Carrier Global,Industrials,0001783180,0,0,0,0,0,0,0,0,0,0,0,1,1,1,1,1
CVNA,Carvana,Consumer Discretionary,0001690820,0,0,0,0,0,0,0,0,1,1,1,1,1,1,1,1
CASY,Casey's,Consumer Staples,0000726958,1,1,1,1,1,1,1,1,1,1,1,1,1,1,1,1
CAT,Caterpillar Inc.,Industrials,0000018230,1,1,1,1,1,1,1,1,1,1,1,1,1,1,1,1
CBOE,Cboe Global Markets,Financials,0001374310,0,1,1,1,1,1,1,1,1,1,1,1,1,1,1,1
CBRE,CBRE Group,Real Estate,0001138118,1,1,1,1,1,1,1,1,1,1,1,1,1,1,1,1
CDW,CDW Corporation,Information Technology,0001402057,0,1,1,1,1,1,1,1,1,1,1,1,1,1,1,1
COR,Cencora,Health Care,0001140859,1,1,1,1,1,1,1,1,1,1,1,1,1,1,1,1
CNC,Centene Corporation,Health Care,0001071739,1,1,1,1,1,1,1,1,1,1,1,1,1,1,1,1
CNP,CenterPoint Energy,Utilities,0001130310,1,1,1,1,1,1,1,1,1,1,1,1,1,1,1,1
CF,CF Industries,Materials,0001324404,1,1,1,1,1,1,1,1,1,1,1,1,1,1,1,1
CRL,Charles River Laboratories,Health Care,0001100682,1,1,1,1,1,1,1,1,1,1,1,1,1,1,1,1
SCHW,Charles Schwab Corporation,Financials,0000316709,1,1,1,1,1,1,1,1,1,1,1,1,1,1,1,1
CHTR,Charter Communications,Communication Services,0001091667,1,1,1,1,1,1,1,1,1,1,1,1,1,1,1,1
CVX,Chevron Corporation,Energy,0000093410,1,1,1,1,1,1,1,1,1,1,1,1,1,1,1,1
CMG,Chipotle Mexican Grill,Consumer Discretionary,0001058090,1,1,1,1,1,1,1,1,1,1,1,1,1,1,1,1
CB,Chubb Limited,Financials,0000896159,1,1,1,1,1,1,1,1,1,1,1,1,1,1,1,1
CHD,Church & Dwight,Consumer Staples,0000313927,1,1,1,1,1,1,1,1,1,1,1,1,1,1,1,1
CIEN,Ciena,Information Technology,0000936395,1,1,1,1,1,1,1,1,1,1,1,1,1,1,1,1
CI,Cigna,Health Care,0001739940,0,0,0,0,0,0,0,0,0,1,1,1,1,1,1,1
CINF,Cincinnati Financial,Financials,0000020286,1,1,1,1,1,1,1,1,1,1,1,1,1,1,1,1
CTAS,Cintas,Industrials,0000723254,1,1,1,1,1,1,1,1,1,1,1,1,1,1,1,1
CSCO,Cisco,Information Technology,0000858877,1,1,1,1,1,1,1,1,1,1,1,1,1,1,1,1
C,Citigroup,Financials,0000831001,1,1,1,1,1,1,1,1,1,1,1,1,1,1,1,1
CFG,Citizens Financial Group,Financials,0000759944,0,0,0,0,0,1,1,1,1,1,1,1,1,1,1,1
CLX,Clorox,Consumer Staples,0000021076,1,1,1,1,1,1,1,1,1,1,1,1,1,1,1,1
CME,CME Group,Financials,0001156375,1,1,1,1,1,1,1,1,1,1,1,1,1,1,1,1
CMS,CMS Energy,Utilities,0000811156,1,1,1,1,1,1,1,1,1,1,1,1,1,1,1,1
KO,Coca-Cola Company (The),Consumer Staples,0000021344,1,1,1,1,1,1,1,1,1,1,1,1,1,1,1,1
CTSH,Cognizant,Information Technology,0001058290,1,1,1,1,1,1,1,1,1,1,1,1,1,1,1,1
COHR,Coherent Corp.,Information Technology,0000820318,1,1,1,1,1,1,1,1,1,1,1,1,1,1,1,1
COIN,Coinbase,Financials,0001679788,0,0,0,0,0,0,0,0,0,0,0,0,1,1,1,1
CL,Colgate-Palmolive,Consumer Staples,0000021665,1,1,1,1,1,1,1,1,1,1,1,1,1,1,1,1
CMCSA,Comcast,Communication Services,0001166691,1,1,1,1,1,1,1,1,1,1,1,1,1,1,1,1
FIX,Comfort Systems USA,Industrials,0001035983,1,1,1,1,1,1,1,1,1,1,1,1,1,1,1,1
CAG,Conagra Brands,Consumer Staples,0000023217,1,1,1,1,1,1,1,1,1,1,1,1,1,1,1,1
COP,ConocoPhillips,Energy,0001163165,1,1,1,1,1,1,1,1,1,1,1,1,1,1,1,1
ED,Consolidated Edison,Utilities,0001047862,1,1,1,1,1,1,1,1,1,1,1,1,1,1,1,1
STZ,Constellation Brands,Consumer Staples,0000016918,1,1,1,1,1,1,1,1,1,1,1,1,1,1,1,1
CEG,Constellation Energy,Utilities,0001868275,0,0,0,0,0,0,0,0,0,0,0,0,1,1,1,1
COO,Cooper Companies (The),Health Care,0000711404,1,1,1,1,1,1,1,1,1,1,1,1,1,1,1,1
CPRT,Copart,Industrials,0000900075,1,1,1,1,1,1,1,1,1,1,1,1,1,1,1,1
GLW,Corning Inc.,Information Technology,0000024741,1,1,1,1,1,1,1,1,1,1,1,1,1,1,1,1
CPAY,Corpay,Financials,0001175454,0,1,1,1,1,1,1,1,1,1,1,1,1,1,1,1
CTVA,Corteva,Materials,0001755672,0,0,0,0,0,0,0,0,0,0,1,1,1,1,1,1
CSGP,CoStar Group,Real Estate,0001057352,1,1,1,1,1,1,1,1,1,1,1,1,1,1,1,1
COST,Costco,Consumer Staples,0000909832,1,1,1,1,1,1,1,1,1,1,1,1,1,1,1,1
CRH,CRH plc,Materials,0000849395,0,0,0,0,0,0,0,0,0,0,0,0,0,0,1,1
CRWD,CrowdStrike,Information Technology,0001535527,0,0,0,0,0,0,0,0,0,0,1,1,1,1,1,1
CCI,Crown Castle,Real Estate,0001051470,1,1,1,1,1,1,1,1,1,1,1,1,1,1,1,1
CSX,CSX Corporation,Industrials,0000277948,1,1,1,1,1,1,1,1,1,1,1,1,1,1,1,1
CMI,Cummins,Industrials,0000026172,1,1,1,1,1,1,1,1,1,1,1,1,1,1,1,1
CVS,CVS Health,Health Care,0000064803,1,1,1,1,1,1,1,1,1,1,1,1,1,1,1,1
DHR,Danaher Corporation,Health Care,0000313616,1,1,1,1,1,1,1,1,1,1,1,1,1,1,1,1
DRI,Darden Restaurants,Consumer Discretionary,0000940944,1,1,1,1,1,1,1,1,1,1,1,1,1,1,1,1
DDOG,Datadog,Information Technology,0001561550,0,0,0,0,0,0,0,0,0,0,1,1,1,1,1,1
DVA,DaVita,Health Care,0000927066,1,1,1,1,1,1,1,1,1,1,1,1,1,1,1,1
DECK,Deckers Brands,Consumer Discretionary,0000910521,1,1,1,1,1,1,1,1,1,1,1,1,1,1,1,1
DE,Deere & Company,Industrials,0000315189,1,1,1,1,1,1,1,1,1,1,1,1,1,1,1,1
DELL,Dell Technologies,Information Technology,0001571996,0,0,0,0,0,0,0,1,1,1,1,1,1,1,1,1
DAL,Delta Air Lines,Industrials,0000027904,1,1,1,1,1,1,1,1,1,1,1,1,1,1,1,1
DVN,Devon Energy,Energy,0001090012,1,1,1,1,1,1,1,1,1,1,1,1,1,1,1,1
DXCM,Dexcom,Health Care,0001093557,1,1,1,1,1,1,1,1,1,1,1,1,1,1,1,1
FANG,Diamondback Energy,Energy,0001539838,0,0,0,1,1,1,1,1,1,1,1,1,1,1,1,1
DLR,Digital Realty,Real Estate,0001297996,1,1,1,1,1,1,1,1,1,1,1,1,1,1,1,1
DG,Dollar General,Consumer Staples,0000029534,1,1,1,1,1,1,1,1,1,1,1,1,1,1,1,1
DLTR,Dollar Tree,Consumer Staples,0000935703,1,1,1,1,1,1,1,1,1,1,1,1,1,1,1,1
D,Dominion Energy,Utilities,0000715957,1,1,1,1,1,1,1,1,1,1,1,1,1,1,1,1
DPZ,Domino's,Consumer Discretionary,0001286681,1,1,1,1,1,1,1,1,1,1,1,1,1,1,1,1
DASH,DoorDash,Consumer Discretionary,0001792789,0,0,0,0,0,0,0,0,0,0,0,1,1,1,1,1
DOV,Dover Corporation,Industrials,0000029905,1,1,1,1,1,1,1,1,1,1,1,1,1,1,1,1
DOW,Dow Inc.,Materials,0001751788,0,0,0,0,0,0,0,0,0,0,1,1,1,1,1,1
DHI,D. R. Horton,Consumer Discretionary,0000882184,1,1,1,1,1,1,1,1,1,1,1,1,1,1,1,1
DTE,DTE Energy,Utilities,0000936340,1,1,1,1,1,1,1,1,1,1,1,1,1,1,1,1
DUK,Duke Energy,Utilities,0001326160,1,1,1,1,1,1,1,1,1,1,1,1,1,1,1,1
DD,DuPont,Materials,0001666700,0,0,0,0,0,0,0,0,1,1,1,1,1,1,1,1
ETN,Eaton Corporation,Industrials,0001551182,0,0,0,1,1,1,1,1,1,1,1,1,1,1,1,1
EBAY,eBay Inc.,Consumer Discretionary,0001065088,1,1,1,1,1,1,1,1,1,1,1,1,1,1,1,1
SATS,EchoStar,Communication Services,0001415404,1,1,1,1,1,1,1,1,1,1,1,1,1,1,1,1
ECL,Ecolab,Materials,0000031462,1,1,1,1,1,1,1,1,1,1,1,1,1,1,1,1
EIX,Edison International,Utilities,0000827052,1,1,1,1,1,1,1,1,1,1,1,1,1,1,1,1
EW,Edwards Lifesciences,Health Care,0001099800,1,1,1,1,1,1,1,1,1,1,1,1,1,1,1,1
EA,Electronic Arts,Communication Services,0000712515,1,1,1,1,1,1,1,1,1,1,1,1,1,1,1,1
ELV,Elevance Health,Health Care,0001156039,1,1,1,1,1,1,1,1,1,1,1,1,1,1,1,1
EME,Emcor,Industrials,0000105634,1,1,1,1,1,1,1,1,1,1,1,1,1,1,1,1
EMR,Emerson Electric,Industrials,0000032604,1,1,1,1,1,1,1,1,1,1,1,1,1,1,1,1
ETR,Entergy,Utilities,0000065984,1,1,1,1,1,1,1,1,1,1,1,1,1,1,1,1
EOG,EOG Resources,Energy,0000821189,1,1,1,1,1,1,1,1,1,1,1,1,1,1,1,1
EQT,EQT Corporation,Energy,0000033213,1,1,1,1,1,1,1,1,1,1,1,1,1,1,1,1
EFX,Equifax,Industrials,0000033185,1,1,1,1,1,1,1,1,1,1,1,1,1,1,1,1
EQIX,Equinix,Real Estate,0001101239,1,1,1,1,1,1,1,1,1,1,1,1,1,1,1,1
EQR,Equity Residential,Real Estate,0000906107,1,1,1,1,1,1,1,1,1,1,1,1,1,1,1,1
ERIE,Erie Indemnity,Financials,0000922621,1,1,1,1,1,1,1,1,1,1,1,1,1,1,1,1
ESS,Essex Property Trust,Real Estate,0000920522,1,1,1,1,1,1,1,1,1,1,1,1,1,1,1,1
EL,Estée Lauder Companies (The),Consumer Staples,0001001250,1,1,1,1,1,1,1,1,1,1,1,1,1,1,1,1
EG,Everest Group,Financials,0001095073,1,1,1,1,1,1,1,1,1,1,1,1,1,1,1,1
EVRG,Evergy,Utilities,0001711269,0,0,0,0,0,0,0,0,0,1,1,1,1,1,1,1
ES,Eversource Energy,Utilities,0000072741,1,1,1,1,1,1,1,1,1,1,1,1,1,1,1,1
EXC,Exelon,Utilities,0001109357,1,1,1,1,1,1,1,1,1,1,1,1,1,1,1,1
EXE,Expand Energy,Energy,0000895126,1,1,1,1,1,1,1,1,1,1,1,1,1,1,1,1
EXPE,Expedia Group,Consumer Discretionary,0001324424,1,1,1,1,1,1,1,1,1,1,1,1,1,1,1,1
EXPD,Expeditors International,Industrials,0000746515,1,1,1,1,1,1,1,1,1,1,1,1,1,1,1,1
EXR,Extra Space Storage,Real Estate,0001289490,1,1,1,1,1,1,1,1,1,1,1,1,1,1,1,1
XOM,ExxonMobil,Energy,0000034088,1,1,1,1,1,1,1,1,1,1,1,1,1,1,1,1
FFIV,"F5, Inc.",Information Technology,0001048695,1,1,1,1,1,1,1,1,1,1,1,1,1,1,1,1
FDS,FactSet,Financials,0001013237,1,1,1,1,1,1,1,1,1,1,1,1,1,1,1,1
FICO,Fair Isaac,Information Technology,0000814547,1,1,1,1,1,1,1,1,1,1,1,1,1,1,1,1
FAST,Fastenal,Industrials,0000815556,1,1,1,1,1,1,1,1,1,1,1,1,1,1,1,1
FRT,Federal Realty Investment Trust,Real Estate,0000034903,1,1,1,1,1,1,1,1,1,1,1,1,1,1,1,1
FDX,FedEx,Industrials,0001048911,1,1,1,1,1,1,1,1,1,1,1,1,1,1,1,1
FDXF,FedEx Freight,Industrials,0002082247,0,0,0,0,0,0,0,0,0,0,0,0,0,0,0,0
FIS,Fidelity National Information Services,Financials,0001136893,1,1,1,1,1,1,1,1,1,1,1,1,1,1,1,1
FITB,Fifth Third Bancorp,Financials,0000035527,1,1,1,1,1,1,1,1,1,1,1,1,1,1,1,1
FSLR,First Solar,Information Technology,0001274494,1,1,1,1,1,1,1,1,1,1,1,1,1,1,1,1
FE,FirstEnergy,Utilities,0001031296,1,1,1,1,1,1,1,1,1,1,1,1,1,1,1,1
FISV,Fiserv,Financials,0000798354,1,1,1,1,1,1,1,1,1,1,1,1,1,1,1,1
F,Ford Motor Company,Consumer Discretionary,0000037996,1,1,1,1,1,1,1,1,1,1,1,1,1,1,1,1
FTNT,Fortinet,Information Technology,0001262039,1,1,1,1,1,1,1,1,1,1,1,1,1,1,1,1
FTV,Fortive,Industrials,0001659166,0,0,0,0,0,0,0,1,1,1,1,1,1,1,1,1
FOXA,Fox Corporation (Class A),Communication Services,0001754301,0,0,0,0,0,0,0,0,0,1,1,1,1,1,1,1
FOX,Fox Corporation (Class B),Communication Services,0001754301,0,0,0,0,0,0,0,0,0,1,1,1,1,1,1,1
BEN,Franklin Resources,Financials,0000038777,1,1,1,1,1,1,1,1,1,1,1,1,1,1,1,1
FCX,Freeport-McMoRan,Materials,0000831259,1,1,1,1,1,1,1,1,1,1,1,1,1,1,1,1
GRMN,Garmin,Consumer Discretionary,0001121788,1,1,1,1,1,1,1,1,1,1,1,1,1,1,1,1
IT,Gartner,Information Technology,0000749251,1,1,1,1,1,1,1,1,1,1,1,1,1,1,1,1
GE,GE Aerospace,Industrials,0000040545,1,1,1,1,1,1,1,1,1,1,1,1,1,1,1,1
GEHC,GE HealthCare,Health Care,0001932393,0,0,0,0,0,0,0,0,0,0,0,0,0,1,1,1
GEV,GE Vernova,Industrials,0001996810,0,0,0,0,0,0,0,0,0,0,0,0,0,0,0,1
GEN,Gen Digital,Information Technology,0000849399,1,1,1,1,1,1,1,1,1,1,1,1,1,1,1,1
GNRC,Generac,Industrials,0001474735,1,1,1,1,1,1,1,1,1,1,1,1,1,1,1,1
GD,General Dynamics,Industrials,0000040533,1,1,1,1,1,1,1,1,1,1,1,1,1,1,1,1
GIS,General Mills,Consumer Staples,0000040704,1,1,1,1,1,1,1,1,1,1,1,1,1,1,1,1
GM,General Motors,Consumer Discretionary,0001467858,1,1,1,1,1,1,1,1,1,1,1,1,1,1,1,1
GPC,Genuine Parts Company,Consumer Discretionary,0000040987,1,1,1,1,1,1,1,1,1,1,1,1,1,1,1,1
GILD,Gilead Sciences,Health Care,0000882095,1,1,1,1,1,1,1,1,1,1,1,1,1,1,1,1
GPN,Global Payments,Financials,0001123360,1,1,1,1,1,1,1,0,1,1,1,1,1,1,1,1
GL,Globe Life,Financials,0000320335,1,1,1,1,1,1,1,1,1,1,1,1,1,1,1,1
GDDY,GoDaddy,Information Technology,0001609711,0,0,0,0,0,0,1,1,1,1,1,1,1,1,1,1
GS,Goldman Sachs,Financials,0000886982,1,1,1,1,1,1,1,1,1,1,1,1,1,1,1,1
HAL,Halliburton,Energy,0000045012,1,1,1,1,1,1,1,1,1,1,1,1,1,1,1,1
HIG,Hartford (The),Financials,0000874766,1,1,1,1,1,1,1,1,1,1,1,1,1,1,1,1
HAS,Hasbro,Consumer Discretionary,0000046080,1,1,1,1,1,1,1,1,1,1,1,1,1,1,1,1
HCA,HCA Healthcare,Health Care,0000860730,1,1,1,1,1,1,1,1,1,1,1,1,1,1,1,1
DOC,Healthpeak Properties,Real Estate,0000765880,1,1,1,1,1,1,1,1,1,1,1,1,1,1,1,1
HSIC,Henry Schein,Health Care,0001000228,1,1,1,1,1,1,1,1,1,1,1,1,1,1,1,1
HSY,Hershey Company (The),Consumer Staples,0000047111,1,1,1,1,1,1,1,1,1,1,1,1,1,1,1,1
HPE,Hewlett Packard Enterprise,Information Technology,0001645590,0,0,0,0,0,1,1,1,1,1,1,1,1,1,1,1
HLT,Hilton Worldwide,Consumer Discretionary,0001585689,0,0,0,0,1,1,1,1,1,1,1,1,1,1,1,1
HD,Home Depot (The),Consumer Discretionary,0000354950,1,1,1,1,1,1,1,1,1,1,1,1,1,1,1,1
HON,Honeywell,Industrials,0000773840,1,1,1,1,1,1,1,1,1,1,1,1,1,1,1,1
HRL,Hormel Foods,Consumer Staples,0000048465,1,1,1,1,1,1,1,1,1,1,1,1,1,1,1,1
HST,Host Hotels & Resorts,Real Estate,0001070750,1,1,1,1,1,1,1,1,1,1,1,1,1,1,1,1
HWM,Howmet Aerospace,Industrials,0000004281,1,1,1,1,1,1,1,1,1,1,1,1,1,1,1,1
HPQ,HP Inc.,Information Technology,0000047217,1,1,1,1,1,1,1,1,1,1,1,1,1,1,1,1
HUBB,Hubbell Incorporated,Industrials,0000048898,1,1,1,1,1,1,1,1,1,1,1,1,1,1,1,1
HUM,Humana,Health Care,0000049071,1,1,1,1,1,1,1,1,1,1,1,1,1,1,1,1
HBAN,Huntington Bancshares,Financials,0000049196,1,1,1,1,1,1,1,1,1,1,1,1,1,1,1,1
HII,Huntington Ingalls Industries,Industrials,0001501585,0,0,1,1,1,1,1,1,1,1,1,1,1,1,1,1
IBM,IBM,Information Technology,0000051143,1,1,1,1,1,1,1,1,1,1,1,1,1,1,1,1
IEX,IDEX Corporation,Industrials,0000832101,1,1,1,1,1,1,1,1,1,1,1,1,1,1,1,1
IDXX,Idexx Laboratories,Health Care,0000874716,1,1,1,1,1,1,1,1,1,1,1,1,1,1,1,1
ITW,Illinois Tool Works,Industrials,0000049826,1,1,1,1,1,1,1,1,1,1,1,1,1,1,1,1
INCY,Incyte,Health Care,0000879169,1,1,1,1,1,1,1,1,1,1,1,1,1,1,1,1
IR,Ingersoll Rand,Industrials,0001699150,0,0,0,0,0,0,0,0,1,1,1,1,1,1,1,1
PODD,Insulet Corporation,Health Care,0001145197,1,1,1,1,1,1,1,1,1,1,1,1,1,1,1,1
INTC,Intel,Information Technology,0000050863,1,1,1,1,1,1,1,1,1,1,1,1,1,1,1,1
IBKR,Interactive Brokers,Financials,0001381197,1,1,1,1,1,1,1,1,1,1,1,1,1,1,1,1
ICE,Intercontinental Exchange,Financials,0001571949,0,0,0,0,1,1,1,1,1,1,1,1,1,1,1,1
IFF,International Flavors & Fragrances,Materials,0000051253,1,1,1,1,1,1,1,1,1,1,1,1,1,1,1,1
IP,International Paper,Materials,0000051434,1,1,1,1,1,1,1,1,1,1,1,1,1,1,1,1
INTU,Intuit,Information Technology,0000896878,1,1,1,1,1,1,1,1,1,1,1,1,1,1,1,1
ISRG,Intuitive Surgical,Health Care,0001035267,1,1,1,1,1,1,1,1,1,1,1,1,1,1,1,1
IVZ,Invesco,Financials,0000914208,1,1,1,1,1,1,1,1,1,1,1,1,1,1,1,1
INVH,Invitation Homes,Real Estate,0001687229,0,0,0,0,0,0,0,1,1,1,1,1,1,1,1,1
IQV,IQVIA,Health Care,0001478242,0,0,0,0,1,1,1,1,1,1,1,1,1,1,1,1
IRM,Iron Mountain,Real Estate,0001020569,1,1,1,1,1,1,1,1,1,1,1,1,1,1,1,1
JBHT,J.B. Hunt,Industrials,0000728535,1,1,1,1,1,1,1,1,1,1,1,1,1,1,1,1
JBL,Jabil,Information Technology,0000898293,1,1,1,1,1,1,1,1,1,1,1,1,1,1,1,1
JKHY,Jack Henry & Associates,Financials,0000779152,1,1,1,1,1,1,1,1,1,1,1,1,1,1,1,1
J,Jacobs Solutions,Industrials,0000052988,1,1,1,1,1,1,1,1,1,1,1,1,1,1,1,1
JNJ,Johnson & Johnson,Health Care,0000200406,1,1,1,1,1,1,1,1,1,1,1,1,1,1,1,1
JCI,Johnson Controls,Industrials,0000833444,1,1,1,1,1,1,1,1,1,1,1,1,1,1,1,1
JPM,JPMorgan Chase,Financials,0000019617,1,1,1,1,1,1,1,1,1,1,1,1,1,1,1,1
KVUE,Kenvue,Consumer Staples,0001944048,0,0,0,0,0,0,0,0,0,0,0,0,0,0,1,1
KDP,Keurig Dr Pepper,Consumer Staples,0001418135,1,1,1,1,1,1,1,1,1,1,1,1,1,1,1,1
KEY,KeyCorp,Financials,0000091576,1,1,1,1,1,1,1,1,1,1,1,1,1,1,1,1
KEYS,Keysight Technologies,Information Technology,0001601046,0,0,0,0,1,1,1,1,1,1,1,1,1,1,1,1
KMB,Kimberly-Clark,Consumer Staples,0000055785,1,1,1,1,1,1,1,1,1,1,1,1,1,1,1,1
KIM,Kimco Realty,Real Estate,0000879101,1,1,1,1,1,1,1,1,1,1,1,1,1,1,1,1
KMI,Kinder Morgan,Energy,0001506307,0,1,1,1,1,1,1,1,1,1,1,1,1,1,1,1
KKR,KKR & Co.,Financials,0001404912,0,1,1,1,1,1,1,1,1,1,1,1,1,1,1,1
KLAC,KLA Corporation,Information Technology,0000319201,1,1,1,1,1,1,1,1,1,1,1,1,1,1,1,1
KHC,Kraft Heinz,Consumer Staples,0001637459,0,0,0,0,0,0,1,1,1,1,1,1,1,1,1,1
KR,Kroger,Consumer Staples,0000056873,1,1,1,1,1,1,1,1,1,1,1,1,1,1,1,1
LHX,L3Harris,Industrials,0000202058,1,1,1,1,1,1,1,1,1,1,0,1,1,1,1,1
LH,Labcorp,Health Care,0000920148,1,1,1,1,1,1,1,1,1,1,1,1,1,1,1,1
LRCX,Lam Research,Information Technology,0000707549,1,1,1,1,1,1,1,1,1,1,1,1,1,1,1,1
LVS,Las Vegas Sands,Consumer Discretionary,0001300514,1,1,1,1,1,1,1,1,1,1,1,1,1,1,1,1
LDOS,Leidos,Industrials,0001336920,1,1,1,1,1,1,0,1,1,1,1,1,1,1,1,1
LEN,Lennar,Consumer Discretionary,0000920760,1,1,1,1,1,1,1,1,1,1,1,1,1,1,1,1
LII,Lennox International,Industrials,0001069202,1,1,1,1,1,1,1,1,1,1,1,1,1,1,1,1
LLY,Lilly (Eli),Health Care,0000059478,1,1,1,1,1,1,1,1,1,1,1,1,1,1,1,1
LIN,Linde plc,Materials,0001707925,0,0,0,0,0,0,0,0,1,1,1,1,1,1,1,1
LYV,Live Nation Entertainment,Communication Services,0001335258,1,1,1,1,1,1,1,1,1,1,1,1,1,1,1,1
LMT,Lockheed Martin,Industrials,0000936468,1,1,1,1,1,1,1,1,1,1,1,1,1,1,1,1
L,Loews Corporation,Financials,0000060086,1,1,1,1,1,1,1,1,1,1,1,1,1,1,1,1
LOW,Lowe's,Consumer Discretionary,0000060667,1,1,1,1,1,1,1,1,1,1,1,1,1,1,1,1
LULU,Lululemon Athletica,Consumer Discretionary,0001397187,1,1,1,1,1,1,1,1,1,1,1,1,1,1,1,1
LITE,Lumentum,Information Technology,0001633978,0,0,0,0,0,1,1,1,1,1,1,1,1,1,1,1
LYB,LyondellBasell,Materials,0001489393,0,1,1,1,1,1,1,1,1,1,1,1,1,1,1,1
MTB,M&T Bank,Financials,0000036270,1,1,1,1,1,1,1,1,1,1,1,1,1,1,1,1
MPC,Marathon Petroleum,Energy,0001510295,0,0,1,1,1,1,1,1,1,1,1,1,1,1,1,1
MAR,Marriott International,Consumer Discretionary,0001048286,1,1,1,1,1,1,1,1,1,1,1,1,1,1,1,1
MRSH,Marsh McLennan,Financials,0000062709,1,1,1,1,1,1,1,1,1,1,1,1,1,1,1,1
MLM,Martin Marietta Materials,Materials,0000916076,1,1,1,1,1,1,1,1,1,1,1,1,1,1,1,1
MAS,Masco,Industrials,0000062996,1,1,1,1,1,1,1,1,1,1,1,1,1,1,1,1
MA,Mastercard,Financials,0001141391,1,1,1,1,1,1,1,1,1,1,1,1,1,1,1,1
MKC,McCormick & Company,Consumer Staples,0000063754,1,1,1,1,1,1,1,1,1,1,1,1,1,1,1,1
MCD,McDonald's,Consumer Discretionary,0000063908,1,1,1,1,1,1,1,1,1,1,1,1,1,1,1,1
MCK,McKesson Corporation,Health Care,0000927653,1,1,1,1,1,1,1,1,1,1,1,1,1,1,1,1
MDT,Medtronic,Health Care,0001613103,0,0,0,0,0,1,1,1,1,1,1,1,1,1,1,1
MRK,Merck & Co.,Health Care,0000310158,1,1,1,1,1,1,1,1,1,1,1,1,1,1,1,1
META,Meta Platforms,Communication Services,0001326801,0,0,0,1,1,1,1,1,1,1,1,1,1,1,1,1
MET,MetLife,Financials,0001099219,0,0,0,0,0,0,0,0,0,0,0,0,0,0,0,0
MTD,Mettler Toledo,Health Care,0001037646,0,0,0,0,0,0,0,0,0,0,0,0,0,0,0,0
MGM,MGM Resorts,Consumer Discretionary,0000789570,1,1,1,1,1,1,1,1,1,1,1,1,1,1,1,1
MCHP,Microchip Technology,Information Technology,0000827054,1,1,1,1,1,1,1,1,1,1,1,1,1,1,1,1
MU,Micron Technology,Information Technology,0000723125,1,1,1,1,1,1,1,1,1,1,1,1,1,1,1,1
MSFT,Microsoft,Information Technology,0000789019,1,1,1,1,1,1,1,1,1,1,1,1,1,1,1,1
MAA,Mid-America Apartment Communities,Real Estate,0000912595,1,1,1,1,1,1,1,1,1,1,1,1,1,1,1,1
MRNA,Moderna,Health Care,0001682852,0,0,0,0,0,0,0,0,0,1,1,1,1,1,1,1
TAP,Molson Coors Beverage Company,Consumer Staples,0000024545,1,1,1,1,1,1,1,1,1,1,1,1,1,1,1,1
MDLZ,Mondelez International,Consumer Staples,0001103982,1,1,1,1,1,1,1,1,1,1,1,1,1,1,1,1
MPWR,Monolithic Power Systems,Information Technology,0001280452,1,1,1,1,1,1,1,1,1,1,1,1,1,1,1,1
MNST,Monster Beverage,Consumer Staples,0000865752,1,1,1,1,1,1,1,1,1,1,1,1,1,1,1,1
MCO,Moody's Corporation,Financials,0001059556,1,1,1,1,1,1,1,1,1,1,1,1,1,1,1,1
MS,Morgan Stanley,Financials,0000895421,1,1,1,1,1,1,1,1,1,1,1,1,1,1,1,1
MOS,Mosaic Company (The),Materials,0001285785,1,1,1,1,0,1,1,1,1,1,1,1,1,1,1,1
MSI,Motorola Solutions,Information Technology,0000068505,1,1,1,1,1,1,1,1,1,1,1,1,1,1,1,1
MSCI,MSCI Inc.,Financials,0001408198,1,1,1,1,1,1,1,1,1,1,1,1,1,1,1,1
NDAQ,"Nasdaq, Inc.",Financials,0001120193,1,1,1,1,1,1,1,1,1,1,1,1,1,1,1,1
NTAP,NetApp,Information Technology,0001002047,1,1,1,1,1,1,1,1,1,1,1,1,1,1,1,1
NFLX,Netflix,Communication Services,0001065280,1,1,1,1,1,1,1,1,1,1,1,1,1,1,1,1
NEM,Newmont,Materials,0001164727,1,1,1,1,1,1,1,1,1,1,1,1,1,1,1,1
NWSA,News Corp (Class A),Communication Services,0001564708,0,0,0,1,1,1,1,1,1,1,1,1,1,1,1,1
NWS,News Corp (Class B),Communication Services,0001564708,0,0,0,1,1,1,1,1,1,1,1,1,1,1,1,1
NEE,NextEra Energy,Utilities,0000753308,1,1,1,1,1,1,1,1,1,1,1,1,1,1,1,1
NKE,"Nike, Inc.",Consumer Discretionary,0000320187,1,1,1,1,1,1,1,1,1,1,1,1,1,1,1,1
NI,NiSource,Utilities,0001111711,1,1,1,1,1,1,1,1,1,1,1,1,1,1,1,1
NDSN,Nordson Corporation,Industrials,0000072331,1,1,1,1,1,1,1,1,1,1,1,1,1,1,1,1
NSC,Norfolk Southern,Industrials,0000702165,1,1,1,1,1,1,1,1,1,1,1,1,1,1,1,1
NTRS,Northern Trust,Financials,0000073124,1,1,1,1,1,1,1,1,1,1,1,1,1,1,1,1
NOC,Northrop Grumman,Industrials,0001133421,1,1,1,1,1,1,1,1,1,1,1,1,1,1,1,1
NCLH,Norwegian Cruise Line Holdings,Consumer Discretionary,0001513761,0,0,0,1,1,1,1,1,1,1,1,1,1,1,1,1
NRG,NRG Energy,Utilities,0001013871,1,1,1,1,1,1,1,1,1,1,1,1,1,1,1,1
NUE,Nucor,Materials,0000073309,1,1,1,1,1,1,1,1,1,1,1,1,1,1,1,1
NVDA,Nvidia,Information Technology,0001045810,1,1,1,1,1,1,1,1,1,1,1,1,1,1,1,1
NVR,"NVR, Inc.",Consumer Discretionary,0000906163,1,1,1,1,1,1,1,1,1,1,1,1,1,1,1,1
NXPI,NXP Semiconductors,Information Technology,0001413447,0,0,0,0,0,0,0,0,0,0,1,1,1,1,1,1
ORLY,O’Reilly Automotive,Consumer Discretionary,0000898173,1,1,1,1,1,1,1,1,1,1,1,1,1,1,1,1
OXY,Occidental Petroleum,Energy,0000797468,1,1,1,1,1,1,1,1,1,1,1,1,1,1,1,1
ODFL,Old Dominion,Industrials,0000878927,1,1,1,1,1,1,1,1,1,1,1,1,1,1,1,1
OMC,Omnicom Group,Communication Services,0000029989,1,1,1,1,1,1,1,1,1,1,1,1,1,1,1,1
ON,ON Semiconductor,Information Technology,0001097864,1,1,1,1,1,1,1,1,1,1,1,1,1,1,1,1
OKE,Oneok,Energy,0001039684,1,1,1,1,1,1,1,1,1,1,1,1,1,1,1,1
ORCL,Oracle Corporation,Information Technology,0001341439,1,1,1,1,1,1,1,1,1,1,1,1,1,1,1,1
OTIS,Otis Worldwide,Industrials,0001781335,0,0,0,0,0,0,0,0,0,0,0,1,1,1,1,1
PCAR,Paccar,Industrials,0000075362,1,1,1,1,1,1,1,1,1,1,1,1,1,1,1,1
PKG,Packaging Corporation of America,Materials,0000075677,1,1,1,1,1,1,1,1,1,1,1,1,1,1,1,1
PLTR,Palantir Technologies,Information Technology,0001321655,0,0,0,0,0,0,0,0,0,0,0,1,1,1,1,1
PANW,Palo Alto Networks,Information Technology,0001327567,0,0,1,1,1,1,1,1,1,1,1,1,1,1,1,1
PSKY,Paramount Skydance Corporation,Communication Services,0002041610,0,0,0,0,0,0,0,0,0,0,0,0,0,0,0,0
PH,Parker Hannifin,Industrials,0000076334,1,1,1,1,1,1,1,1,1,1,1,1,1,1,1,1
PAYX,Paychex,Industrials,0000723531,1,1,1,1,1,1,1,1,1,1,1,1,1,1,1,1
PYPL,PayPal,Financials,0001633917,0,0,0,0,0,0,1,1,1,1,1,1,1,1,1,1
PNR,Pentair,Industrials,0000077360,1,1,1,1,1,1,1,1,1,1,1,1,1,1,1,1
PEP,PepsiCo,Consumer Staples,0000077476,1,1,1,1,1,1,1,1,1,1,1,1,1,1,1,1
PFE,Pfizer,Health Care,0000078003,1,1,1,1,1,1,1,1,1,1,1,1,1,1,1,1
PCG,PG&E Corporation,Utilities,0001004980,1,1,1,1,1,1,1,1,1,1,1,1,1,1,1,1
PM,Philip Morris International,Consumer Staples,0001413329,1,1,1,1,1,1,1,1,1,1,1,1,1,1,1,1
PSX,Phillips 66,Energy,0001534701,0,0,0,1,1,1,1,1,1,1,1,1,1,1,1,1
PNW,Pinnacle West Capital,Utilities,0000764622,1,1,1,1,1,1,1,1,1,1,1,1,1,1,1,1
PNC,PNC Financial Services,Financials,0000713676,1,1,1,1,1,1,1,1,1,1,1,1,1,1,1,1
POOL,Pool Corporation,Consumer Discretionary,0000945841,1,1,1,1,1,1,1,1,1,1,1,1,1,1,1,1
PPG,PPG Industries,Materials,0000079879,1,1,1,1,1,1,1,1,1,1,1,1,1,1,1,1
PPL,PPL Corporation,Utilities,0000922224,1,1,1,1,1,1,1,1,1,1,1,1,1,1,1,1
PFG,Principal Financial Group,Financials,0001126328,1,1,1,1,1,1,1,1,1,1,1,1,1,1,1,1
PG,Procter & Gamble,Consumer Staples,0000080424,1,1,1,1,1,1,1,1,1,1,1,1,1,1,1,1
PGR,Progressive Corporation,Financials,0000080661,1,1,1,1,1,1,1,1,1,1,1,1,1,1,1,1
PLD,Prologis,Real Estate,0001045609,1,1,1,1,1,1,1,1,1,1,1,1,1,1,1,1
PRU,Prudential Financial,Financials,0001137774,1,1,1,1,1,1,1,1,1,1,1,1,1,1,1,1
PEG,Public Service Enterprise Group,Utilities,0000788784,1,1,1,1,1,1,1,1,1,1,1,1,1,1,1,1
PTC,PTC Inc.,Information Technology,0000857005,1,1,1,1,1,1,1,1,1,1,1,1,1,1,1,1
PSA,Public Storage,Real Estate,0001393311,1,1,1,1,1,1,1,1,1,1,1,1,1,1,1,1
PHM,PulteGroup,Consumer Discretionary,0000822416,1,1,1,1,1,1,1,1,1,1,1,1,1,1,1,1
PWR,Quanta Services,Industrials,0001050915,1,1,1,1,1,1,1,1,1,1,1,1,1,1,1,1
QCOM,Qualcomm,Information Technology,0000804328,1,1,1,1,1,1,1,1,1,1,1,1,1,1,1,1
DGX,Quest Diagnostics,Health Care,0001022079,1,1,1,1,1,1,1,1,1,1,1,1,1,1,1,1
Q,Qnity Electronics,Information Technology,0002058873,0,0,0,0,0,0,0,0,0,0,0,0,0,0,0,0
RL,Ralph Lauren Corporation,Consumer Discretionary,0001037038,1,1,1,1,1,1,1,1,1,1,1,1,1,1,1,1
RJF,Raymond James Financial,Financials,0000720005,1,1,1,1,1,1,1,1,1,1,1,1,1,1,1,1
RTX,RTX Corporation,Industrials,0000101829,1,1,1,1,1,1,1,1,1,1,1,1,1,1,1,1
O,Realty Income,Real Estate,0000726728,1,1,1,1,1,1,1,1,1,1,1,1,1,1,1,1
REG,Regency Centers,Real Estate,0000910606,1,1,1,1,1,1,1,1,1,1,1,1,1,1,1,1
REGN,Regeneron Pharmaceuticals,Health Care,0000872589,1,1,1,1,1,1,1,1,1,1,1,1,1,1,1,1
RF,Regions Financial Corporation,Financials,0001281761,1,1,1,1,1,1,1,1,1,1,1,1,1,1,1,1
RSG,Republic Services,Industrials,0001060391,1,1,1,1,1,1,1,1,1,1,1,1,1,1,1,1
RMD,ResMed,Health Care,0000943819,1,1,1,1,1,1,1,1,1,1,1,1,1,1,1,1
RVTY,Revvity,Health Care,0000031791,1,1,1,1,1,1,1,1,1,1,1,1,1,1,1,1
HOOD,Robinhood Markets,Financials,0001783879,0,0,0,0,0,0,0,0,0,0,0,0,1,1,1,1
ROK,Rockwell Automation,Industrials,0001024478,1,1,1,1,1,1,1,1,1,1,1,1,1,1,1,1
ROL,"Rollins, Inc.",Industrials,0000084839,1,1,1,1,1,1,1,1,1,1,1,1,1,1,1,1
ROP,Roper Technologies,Information Technology,0000882835,1,1,1,1,1,1,1,1,1,1,1,1,1,1,1,1
ROST,Ross Stores,Consumer Discretionary,0000745732,1,1,1,1,1,1,1,1,1,1,1,1,1,1,1,1
RCL,Royal Caribbean Group,Consumer Discretionary,0000884887,1,1,1,1,1,1,1,1,1,1,1,1,1,1,1,1
SPGI,S&P Global,Financials,0000064040,1,1,1,1,1,1,1,1,1,1,1,1,1,1,1,1
CRM,Salesforce,Information Technology,0001108524,1,1,1,1,1,1,1,1,1,1,1,1,1,1,1,1
SNDK,Sandisk,Information Technology,0002023554,0,0,0,0,0,0,0,0,0,0,0,0,0,0,0,1
SBAC,SBA Communications,Real Estate,0001034054,1,1,1,1,1,1,1,1,1,1,1,1,1,1,1,1
SLB,Schlumberger,Energy,0000087347,1,1,1,1,1,1,1,1,1,1,1,1,1,1,1,1
STX,Seagate Technology,Information Technology,0001137789,1,1,1,1,1,1,1,1,1,1,1,1,1,1,1,1
SRE,Sempra,Utilities,0001032208,1,1,1,1,1,1,1,1,1,1,1,1,1,1,1,1
NOW,ServiceNow,Information Technology,0001373715,0,0,0,1,1,1,1,1,1,1,1,1,1,1,1,1
SHW,Sherwin-Williams,Materials,0000089800,1,1,1,1,1,1,1,1,1,1,1,1,1,1,1,1
SPG,Simon Property Group,Real Estate,0001063761,1,1,1,1,1,1,1,1,1,1,1,1,1,1,1,1
SWKS,Skyworks Solutions,Information Technology,0000004127,1,1,1,1,1,1,1,1,1,1,1,1,1,1,1,1
SJM,J.M. Smucker Company (The),Consumer Staples,0000091419,1,1,1,1,1,1,1,1,1,1,1,1,1,1,1,1
SW,Smurfit Westrock,Materials,0002005951,0,0,0,0,0,0,0,0,0,0,0,0,0,0,0,1
SNA,Snap-on,Industrials,0000091440,1,1,1,1,1,1,1,1,1,1,1,1,1,1,1,1
SOLV,Solventum,Health Care,0001964738,0,0,0,0,0,0,0,0,0,0,0,0,0,0,0,1
SO,Southern Company,Utilities,0000092122,1,1,1,1,1,1,1,1,1,1,1,1,1,1,1,1
LUV,Southwest Airlines,Industrials,0000092380,1,1,1,1,1,1,1,1,1,1,1,1,1,1,1,1
SWK,Stanley Black & Decker,Industrials,0000093556,1,1,1,1,1,1,1,1,1,1,1,1,1,1,1,1
SBUX,Starbucks,Consumer Discretionary,0000829224,1,1,1,1,1,1,1,1,1,1,1,1,1,1,1,1
STT,State Street Corporation,Financials,0000093751,1,1,1,1,1,1,1,1,1,1,1,1,1,1,1,1
STLD,Steel Dynamics,Materials,0001022671,1,1,1,1,1,1,1,1,1,1,1,1,1,1,1,1
STE,Steris,Health Care,0001757898,0,0,0,0,0,0,0,0,0,1,1,1,1,1,1,1
SYK,Stryker Corporation,Health Care,0000310764,1,1,1,1,1,1,1,1,1,1,1,1,1,1,1,1
SMCI,Supermicro,Information Technology,0001375365,1,1,1,1,1,1,1,0,0,1,1,1,1,1,0,1
SYF,Synchrony Financial,Financials,0001601712,0,0,0,0,0,1,1,1,1,1,1,1,1,1,1,1
SNPS,Synopsys,Information Technology,0000883241,1,1,1,1,1,1,1,1,1,1,1,1,1,1,1,1
SYY,Sysco,Consumer Staples,0000096021,1,1,1,1,1,1,1,1,1,1,1,1,1,1,1,1
TMUS,T-Mobile US,Communication Services,0001283699,1,1,1,1,1,1,1,1,1,1,1,1,1,1,1,1
TROW,T. Rowe Price,Financials,0001113169,1,1,1,1,1,1,1,1,1,1,1,1,1,1,1,1
TTWO,Take-Two Interactive,Communication Services,0000946581,0,1,1,1,1,1,1,1,1,1,1,1,1,1,1,1
TPR,"Tapestry, Inc.",Consumer Discretionary,0001116132,1,1,1,1,1,1,1,1,1,1,1,1,1,1,1,1
TRGP,Targa Resources,Energy,0001389170,0,1,1,1,1,1,1,1,1,1,1,1,1,1,1,1
TGT,Target Corporation,Consumer Staples,0000027419,1,1,1,1,1,1,1,1,1,1,1,1,1,1,1,1
TEL,TE Connectivity,Information Technology,0001385157,1,1,1,1,1,1,1,1,1,1,1,1,1,1,1,1
TDY,Teledyne Technologies,Information Technology,0001094285,1,1,1,1,1,1,1,1,1,1,1,1,1,1,1,1
TER,Teradyne,Information Technology,0000097210,1,1,1,1,1,1,1,1,1,1,1,1,1,1,1,1
TSLA,"Tesla, Inc.",Consumer Discretionary,0001318605,0,1,1,1,1,1,1,1,1,1,1,1,1,1,1,1
TXN,Texas Instruments,Information Technology,0000097476,1,1,1,1,1,1,1,1,1,1,1,1,1,1,1,1
TPL,Texas Pacific Land Corporation,Energy,0001811074,0,0,0,0,0,0,0,0,0,0,0,1,1,1,1,1
TXT,Textron,Industrials,0000217346,1,1,1,1,1,1,1,1,1,1,1,1,1,1,1,1
TMO,Thermo Fisher Scientific,Health Care,0000097745,1,1,1,1,1,1,1,1,1,1,1,1,1,1,1,1
TJX,TJX Companies,Consumer Discretionary,0000109198,1,1,1,1,1,1,1,1,1,1,1,1,1,1,1,1
TKO,TKO Group Holdings,Communication Services,0001973266,0,0,0,0,0,0,0,0,0,0,0,0,0,0,1,1
TTD,Trade Desk (The),Communication Services,0001671933,0,0,0,0,0,0,0,1,1,1,1,1,1,1,1,1
TSCO,Tractor Supply,Consumer Discretionary,0000916365,1,1,1,1,1,1,1,1,1,1,1,1,1,1,1,1
TT,Trane Technologies,Industrials,0001466258,1,1,1,1,1,1,1,1,1,1,1,1,1,1,1,1
TDG,TransDigm Group,Industrials,0001260221,1,1,1,1,1,1,1,1,1,1,1,1,1,1,1,1
TRV,Travelers Companies (The),Financials,0000086312,1,1,1,1,1,1,1,1,1,1,1,1,1,1,1,1
TRMB,Trimble Inc.,Information Technology,0000864749,1,1,1,1,1,1,1,1,1,1,1,1,1,1,1,1
TFC,Truist Financial,Financials,0000092230,1,1,1,1,1,1,1,1,1,1,1,1,1,1,1,1
TYL,Tyler Technologies,Information Technology,0000860731,1,1,1,1,1,1,1,1,1,1,1,1,1,1,1,1
TSN,Tyson Foods,Consumer Staples,0000100493,1,1,1,1,1,1,1,1,1,1,1,1,1,1,1,1
USB,U.S. Bancorp,Financials,0000036104,1,1,1,1,1,1,1,1,1,1,1,1,1,1,1,1
UBER,Uber,Industrials,0001543151,0,0,0,0,0,0,0,0,0,0,1,1,1,1,1,1
UDR,"UDR, Inc.",Real Estate,0000074208,1,1,1,1,1,1,1,1,1,1,1,1,1,1,1,1
ULTA,Ulta Beauty,Consumer Discretionary,0001403568,1,1,1,1,1,1,1,1,1,1,1,1,1,1,1,1
UNP,Union Pacific Corporation,Industrials,0000100885,1,1,1,1,1,1,1,1,1,1,1,1,1,1,1,1
UAL,United Airlines Holdings,Industrials,0000100517,1,1,1,1,1,1,1,1,1,1,1,1,1,1,1,1
UPS,United Parcel Service,Industrials,0001090727,1,1,1,1,1,1,1,1,1,1,1,1,1,1,1,1
URI,United Rentals,Industrials,0001067701,1,1,1,1,1,1,1,1,1,1,1,1,1,1,1,1
UNH,UnitedHealth Group,Health Care,0000731766,1,1,1,1,1,1,1,1,1,1,1,1,1,1,1,1
UHS,Universal Health Services,Health Care,0000352915,1,1,1,1,1,1,1,1,1,1,1,1,1,1,1,1
VLO,Valero Energy,Energy,0001035002,1,1,1,1,1,1,1,1,1,1,1,1,1,1,1,1
VEEV,Veeva Systems,Health Care,0001393052,0,0,0,0,1,1,1,1,1,1,1,1,1,1,1,1
VTR,Ventas,Real Estate,0000740260,1,1,1,1,1,1,1,1,1,1,1,1,1,1,1,1
VLTO,Veralto,Industrials,0001967680,0,0,0,0,0,0,0,0,0,0,0,0,0,0,1,1
VRSN,Verisign,Information Technology,0001014473,1,1,1,1,1,1,1,1,1,1,1,1,1,1,1,1
VRSK,Verisk Analytics,Industrials,0001442145,1,1,1,1,1,1,1,1,1,1,1,1,1,1,1,1
VZ,Verizon,Communication Services,0000732712,1,1,1,1,1,1,1,1,1,1,1,1,1,1,1,1
VRTX,Vertex Pharmaceuticals,Health Care,0000875320,1,1,1,1,1,1,1,1,1,1,1,1,1,1,1,1
VRT,Vertiv,Industrials,0001674101,0,0,0,0,0,0,0,0,0,1,1,1,1,1,1,1
VTRS,Viatris,Health Care,0001792044,0,0,0,0,0,0,0,0,0,0,1,1,1,1,1,1
VICI,Vici Properties,Real Estate,0001705696,0,0,0,0,0,0,0,0,1,1,1,1,1,1,1,1
V,Visa Inc.,Financials,0001403161,1,1,1,1,1,1,1,1,1,1,1,1,1,1,1,1
VST,Vistra Corp.,Utilities,0001692819,0,0,0,0,0,0,0,0,1,1,1,1,1,1,1,1
VMC,Vulcan Materials Company,Materials,0001396009,1,1,1,1,1,1,1,1,1,1,1,1,1,1,1,1
WRB,W. R. Berkley Corporation,Financials,0000011544,1,1,1,1,1,1,1,1,1,1,1,1,1,1,1,1
GWW,W. W. Grainger,Industrials,0000277135,1,1,1,1,1,1,1,1,1,1,1,1,1,1,1,1
WAB,Wabtec,Industrials,0000943452,1,1,1,1,1,1,1,1,1,1,1,1,1,1,1,1
WMT,Walmart,Consumer Staples,0000104169,1,1,1,1,1,1,1,1,1,1,1,1,1,1,1,1
DIS,Walt Disney Company (The),Communication Services,0001744489,0,0,0,0,0,0,0,0,0,1,1,1,1,1,1,1
WBD,Warner Bros. Discovery,Communication Services,0001437107,1,1,1,1,1,1,1,1,1,1,1,1,1,1,1,1
WM,Waste Management,Industrials,0000823768,1,1,1,1,1,1,1,1,1,1,1,1,1,1,1,1
WAT,Waters Corporation,Health Care,0001000697,1,1,1,1,1,1,1,1,1,1,1,1,1,1,1,1
WEC,WEC Energy Group,Utilities,0000783325,1,1,1,1,1,1,1,1,1,1,1,1,1,1,1,1
WFC,Wells Fargo,Financials,0000072971,1,1,1,1,1,1,1,1,1,1,1,1,1,1,1,1
WELL,Welltower,Real Estate,0000766704,1,1,1,1,1,1,1,1,1,1,1,1,1,1,1,1
WST,West Pharmaceutical Services,Health Care,0000105770,1,1,1,1,1,1,1,1,1,1,1,1,1,1,1,1
WDC,Western Digital,Information Technology,0000106040,1,1,1,1,1,1,1,1,1,1,1,1,1,1,1,1
WY,Weyerhaeuser,Real Estate,0000106535,1,1,1,1,1,1,1,1,1,1,1,1,1,1,1,1
WSM,"Williams-Sonoma, Inc.",Consumer Discretionary,0000719955,1,1,1,1,1,1,1,1,1,1,1,1,1,1,1,1
WMB,Williams Companies,Energy,0000107263,1,1,1,1,1,1,1,1,1,1,1,1,1,1,1,1
WTW,Willis Towers Watson,Financials,0001140536,1,1,1,1,1,1,1,1,1,1,1,1,1,1,1,1
WDAY,"Workday, Inc.",Information Technology,0001327811,0,0,0,1,1,1,1,1,1,1,1,1,1,1,1,1
WYNN,Wynn Resorts,Consumer Discretionary,0001174922,1,1,1,1,1,1,1,1,1,1,1,1,1,1,1,1
XEL,Xcel Energy,Utilities,0000072903,1,1,1,1,1,1,1,1,1,1,1,1,1,1,1,1
XYL,Xylem Inc.,Industrials,0001524472,0,0,1,1,1,1,1,1,1,1,1,1,1,1,1,1
YUM,Yum! Brands,Consumer Discretionary,0001041061,1,1,1,1,1,1,1,1,1,1,1,1,1,1,1,1
ZBRA,Zebra Technologies,Information Technology,0000877212,1,1,1,1,1,1,1,1,1,1,1,1,1,1,1,1
ZBH,Zimmer Biomet,Health Care,0001136869,1,1,1,1,1,1,1,1,1,1,1,1,1,1,1,1
ZTS,Zoetis,Health Care,0001555280,0,0,0,1,1,1,1,1,1,1,1,1,1,1,1,1
